{
  "fractal20220817_data": {
    "action": {
      "mask": [
        true,
        true,
        true,
        true,
          true,
          true,
          false
        ],
        "max": [
          2.9984593391418457,
          22.09052848815918,
          2.7507524490356445,
          1.570636510848999,
          1.5321086645126343,
          1.5691522359848022,
          1.0
        ],
        "mean": [
          0.006987582892179489,
          0.006265917327255011,
          -0.01262515690177679,
          0.04333311319351196,
          -0.005756212864071131,
          0.0009130256366916001,
          0.5354204773902893
        ],
        "min": [
          -2.0204520225524902,
          -5.497899532318115,
          -2.031663417816162,
          -1.569917917251587,
          -1.569892168045044,
          -1.570419430732727,
          0.0
        ],
        "q01": [
          -0.22453527510166169,
          -0.14820013284683228,
          -0.231589707583189,
          -0.3517994859814644,
          -0.4193011274933815,
          -0.43643461108207704,
          0.0
        ],
        "q99": [
          0.17824687153100965,
          0.14938379630446405,
          0.21842354819178575,
          0.5892666035890578,
          0.35272657424211445,
          0.44796681255102094,
          1.0
        ],
        "std": [
          0.0692116990685463,
          0.05970962345600128,
          0.07353084534406662,
          0.15610496699810028,
          0.13164450228214264,
          0.14593800902366638,
          0.497110515832901
        ]
      },
      "num_trajectories": 87212,
      "num_transitions": 3786400,
      "proprio": {
        "max": [
          0.0,
          0.0,
          0.0,
          0.0,
          0.0,
          0.0,
          0.0
        ],
        "mean": [
          0.0,
          0.0,
          0.0,
          0.0,
          0.0,
          0.0,
          0.0
        ],
        "min": [
          0.0,
          0.0,
          0.0,
          0.0,
          0.0,
          0.0,
          0.0
        ],
        "q01": [
          0.0,
          0.0,
          0.0,
          0.0,
          0.0,
          0.0,
          0.0
        ],
        "q99": [
          0.0,
          0.0,
          0.0,
          0.0,
          0.0,
          0.0,
          0.0
        ],
        "std": [
          0.0,
          0.0,
          0.0,
          0.0,
          0.0,
          0.0,
          0.0
        ]
    }
  }
}